case,dice,mean_conf_pred,max_prob,pred_vol_ml,arch,cohort
BIRCAD_001,0.8198,0.9617729783058168,0.9999948740005492,171937.0,resenc,ircadb
BIRCAD_002,0.0,0.0,0.4120864868164062,0.0,resenc,ircadb
BIRCAD_003,0.0,0.0,0.0263804234564304,0.0,resenc,ircadb
BIRCAD_004,0.1586,0.7358594536781311,0.9897116422653198,10901.0,resenc,ircadb
BIRCAD_005,0.4901,0.8988186120986938,0.9995850920677184,147016.0,resenc,ircadb
BIRCAD_006,0.0,0.7280154824256897,0.9446382522583008,12184.0,resenc,ircadb
BIRCAD_007,0.8558,0.9533676505088806,0.9999722242355348,33659.0,resenc,ircadb
BIRCAD_008,0.48,0.9319353699684144,0.9999710321426392,5536.0,resenc,ircadb
BIRCAD_009,0.0,0.0,0.0979929715394973,0.0,resenc,ircadb
BIRCAD_010,0.5838,0.9126457571983336,0.9999860525131226,54212.0,resenc,ircadb
BIRCAD_011,0.0,0.0,0.4398375451564789,0.0,resenc,ircadb
BIRCAD_012,0.0,0.567594587802887,0.6739432215690613,240.0,resenc,ircadb
BIRCAD_013,0.4575,0.9550206065177916,0.9999008178710938,55607.0,resenc,ircadb
BIRCAD_014,0.0,0.542770266532898,0.6156945824623108,320.0,resenc,ircadb
BIRCAD_015,0.0501,0.759105384349823,0.9461506009101868,1064.0,resenc,ircadb
BIRCAD_001,0.8454,0.9620947241783142,0.999996542930603,176058.0,umamba,ircadb
BIRCAD_002,0.0,0.0,0.3890966773033142,0.0,umamba,ircadb
BIRCAD_003,0.0,0.0,0.1424703449010849,0.0,umamba,ircadb
BIRCAD_004,0.2189,0.7095797657966614,0.8934024572372437,839.0,umamba,ircadb
BIRCAD_005,0.587,0.8979188203811646,0.9995452761650084,185052.0,umamba,ircadb
BIRCAD_006,0.0,0.0,0.1277070194482803,0.0,umamba,ircadb
BIRCAD_007,0.6933,0.8957470655441284,0.9992591738700868,21202.0,umamba,ircadb
BIRCAD_008,0.4496,0.9464763402938844,0.9999382495880128,4912.0,umamba,ircadb
BIRCAD_009,0.0031,0.7010715007781982,0.9224823713302612,542.0,umamba,ircadb
BIRCAD_010,0.6665,0.9257124066352844,0.9998339414596558,73719.0,umamba,ircadb
BIRCAD_011,0.0,0.0,0.2510963678359985,0.0,umamba,ircadb
BIRCAD_012,0.0,0.0,0.1738485246896743,0.0,umamba,ircadb
BIRCAD_013,0.59,0.9313755035400392,0.9996323585510254,86400.0,umamba,ircadb
BIRCAD_014,0.0,0.518046498298645,0.593403160572052,490.0,umamba,ircadb
BIRCAD_015,0.0285,0.6200942397117615,0.7696433663368225,598.0,umamba,ircadb
BIRCAD_001,0.785,0.9416942596435548,0.9999921321868896,184742.0,swin,ircadb
BIRCAD_002,0.0,0.8093793988227844,0.9963500499725342,57920.0,swin,ircadb
BIRCAD_003,0.0277,0.8268325328826904,0.998245358467102,52669.0,swin,ircadb
BIRCAD_004,0.0631,0.8405014276504517,0.9993268251419068,13002.0,swin,ircadb
BIRCAD_005,0.6651,0.9001942276954651,0.99997878074646,338979.0,swin,ircadb
BIRCAD_006,0.0,0.719662070274353,0.9564718008041382,6690.0,swin,ircadb
BIRCAD_007,0.5287,0.8443210124969482,0.9998606443405152,25561.0,swin,ircadb
BIRCAD_008,0.3607,0.8217835426330566,0.9997108578681946,22667.0,swin,ircadb
BIRCAD_009,0.0676,0.7995849251747131,0.9997413754463196,32325.0,swin,ircadb
BIRCAD_010,0.6163,0.8930215835571289,0.9999407529830932,109232.0,swin,ircadb
BIRCAD_011,0.0,0.7551528811454773,0.9909622073173524,10573.0,swin,ircadb
BIRCAD_012,0.0001,0.6978980302810669,0.9944451451301576,1111520.0,swin,ircadb
BIRCAD_013,0.6615,0.8407755494117737,0.9992021918296814,115299.0,swin,ircadb
BIRCAD_014,0.0157,0.688292384147644,0.9939496517181396,84261.0,swin,ircadb
BIRCAD_015,0.0343,0.8193359971046448,0.998909831047058,11536.0,swin,ircadb
BLITS_001,0.0,0.0,0.4223855137825012,0.0,resenc,lits
BLITS_002,0.2989,0.8235210180282593,0.997992753982544,2648.0,resenc,lits
BLITS_003,0.6604,0.91708505153656,0.9999977350234984,40158.0,resenc,lits
BLITS_004,0.8156,0.959453821182251,0.9999502897262572,2214246.0,resenc,lits
BLITS_005,0.3701,0.8476202487945557,0.9999691247940063,98306.0,resenc,lits
BLITS_006,0.8617,0.9330539107322692,0.999985933303833,49726.0,resenc,lits
BLITS_007,0.8441,0.9547051191329956,0.9999839067459106,94417.0,resenc,lits
BLITS_008,0.0,0.0,0.1129420846700668,0.0,resenc,lits
BLITS_009,0.5316,0.878406822681427,0.9987840056419371,5396.0,resenc,lits
BLITS_010,0.4402,0.8984236717224121,0.9996737241744996,4013461.0,resenc,lits
BLITS_011,0.0055,0.5220511555671692,0.5612448453903198,209.0,resenc,lits
BLITS_012,0.1655,0.7840670943260193,0.9958418011665344,12956.0,resenc,lits
BLITS_013,0.6569,0.8991744518280029,0.9999990463256836,91658.0,resenc,lits
BLITS_014,0.1274,0.726188600063324,0.9989758729934692,7099.0,resenc,lits
BLITS_015,0.0,0.0,0.0468992628157138,0.0,resenc,lits
BLITS_016,0.3436,0.8212533593177795,0.9998948574066162,32610.0,resenc,lits
BLITS_017,0.044,0.6528062224388123,0.879767894744873,13764.0,resenc,lits
BLITS_018,0.477,0.8681947588920593,0.9994482398033142,2425200.0,resenc,lits
BLITS_019,0.8642,0.9583643674850464,0.9999910593032836,480262.0,resenc,lits
BLITS_020,0.0,0.6894767880439758,0.9433475732803344,8728.0,resenc,lits
BLITS_021,0.0035,0.8643791079521179,0.9976993203163148,411665.0,resenc,lits
BLITS_022,0.0,0.0,0.3268620371818542,0.0,resenc,lits
BLITS_023,0.7619,0.9484237432479858,0.9999572038650512,81185.0,resenc,lits
BLITS_024,0.6656,0.9341410398483276,0.9999912977218628,412128.0,resenc,lits
BLITS_025,0.8327,0.9332462549209596,0.9999927282333374,72181.0,resenc,lits
BLITS_026,0.0,0.0,0.0838153660297393,0.0,resenc,lits
BLITS_027,0.0,0.0,0.002107472391799,0.0,resenc,lits
BLITS_028,0.0,0.7284353971481323,0.964855134487152,12274.0,resenc,lits
BLITS_029,0.7539,0.9294230341911316,0.9999953508377076,425360.0,resenc,lits
BLITS_030,0.8283,0.9553072452545166,0.9999862909317015,2356781.0,resenc,lits
BLITS_031,0.2721,0.7558505535125732,0.965963900089264,3872.0,resenc,lits
BLITS_032,0.8626,0.9515520334243774,0.999864935874939,1656916.0,resenc,lits
BLITS_033,0.0,0.6769419312477112,0.8994751572608948,79526.0,resenc,lits
BLITS_034,0.0,0.0,0.1153115779161453,0.0,resenc,lits
BLITS_035,0.7192,0.9539943933486938,0.9999887943267822,559645.0,resenc,lits
BLITS_036,0.5756,0.9075658321380616,0.9999997615814208,59637.0,resenc,lits
BLITS_037,0.5416,0.9458520412445068,0.9999988079071044,9792.0,resenc,lits
BLITS_038,0.289,0.93147075176239,0.9999849796295166,88229.0,resenc,lits
BLITS_039,0.1241,0.6043747663497925,0.8497219681739807,4005.0,resenc,lits
BLITS_040,0.4181,0.8383565545082092,0.995085060596466,1278.0,resenc,lits
BLITS_041,0.0719,0.9338552355766296,0.9996929168701172,592480.0,resenc,lits
BLITS_042,0.3316,0.9244816899299622,0.9994460940361024,47293.0,resenc,lits
BLITS_043,0.1965,0.8883640170097351,0.9987744688987732,63361.0,resenc,lits
BLITS_044,0.0,0.0,0.0024726232513785,0.0,resenc,lits
BLITS_045,0.0,0.0,0.0028560124337673,0.0,resenc,lits
BLITS_046,0.6278,0.8769237399101257,0.9994296431541444,56404.0,resenc,lits
BLITS_047,0.6364,0.921272337436676,0.9997219443321228,367952.0,resenc,lits
BLITS_048,0.7038,0.9126660227775574,0.9994887113571168,124123.0,resenc,lits
BLITS_049,0.0,0.0,0.1052105352282524,0.0,resenc,lits
BLITS_050,0.0,0.0,0.17050801217556,0.0,resenc,lits
BLITS_051,0.0,0.0,0.3561107218265533,0.0,resenc,lits
BLITS_052,0.1684,0.7833378911018372,0.9785287380218506,794.0,resenc,lits
BLITS_053,0.3945,0.8944588303565979,0.9997536540031432,110938.0,resenc,lits
BLITS_054,0.0,0.7460933327674866,0.9903476238250732,49921.0,resenc,lits
BLITS_055,0.5508,0.8706919550895691,0.998460292816162,15008.0,resenc,lits
BLITS_056,0.3013,0.7335168123245239,0.9524857997894288,2657.0,resenc,lits
BLITS_057,0.0,0.7030539512634277,0.926901400089264,1742.0,resenc,lits
BLITS_058,0.7957,0.9181535243988036,0.9999302625656128,1870963.0,resenc,lits
BLITS_059,0.3444,0.8547192215919495,0.99967622756958,25761.0,resenc,lits
BLITS_060,0.0,0.0,0.0501907877624034,0.0,resenc,lits
BLITS_061,0.0,0.5636617541313171,0.669204592704773,467.0,resenc,lits
BLITS_062,0.3645,0.8681190013885498,0.9978718757629396,41847.0,resenc,lits
BLITS_063,0.0,0.520229160785675,0.5462995171546936,29.0,resenc,lits
BLITS_064,0.0,0.0,0.495352953672409,0.0,resenc,lits
BLITS_065,0.8633,0.965180277824402,0.9999951124191284,39394.0,resenc,lits
BLITS_066,0.0619,0.8641645312309265,0.9999706745147704,143348.0,resenc,lits
BLITS_067,0.0,0.0,0.3698270320892334,0.0,resenc,lits
BLITS_068,0.1186,0.9228768944740297,0.9999412298202516,35224.0,resenc,lits
BLITS_069,0.8523,0.9637241959571838,0.999990463256836,139318.0,resenc,lits
BLITS_070,0.8088,0.9549744129180908,0.9999947547912598,16796.0,resenc,lits
BLITS_071,0.1538,0.6864839196205139,0.894789457321167,197.0,resenc,lits
BLITS_072,0.0,0.0,0.0270404703915119,0.0,resenc,lits
BLITS_073,0.0,0.7764465808868408,0.9908213019371032,284843.0,resenc,lits
BLITS_074,0.8561,0.9474948048591614,0.9994896650314332,254121.0,resenc,lits
BLITS_075,0.5175,0.8667445778846741,0.9979251623153688,2331.0,resenc,lits
BLITS_076,0.0,0.0,0.1870584338903427,0.0,resenc,lits
BLITS_077,0.0,0.0,0.0316786244511604,0.0,resenc,lits
BLITS_078,0.6811,0.910978138446808,0.9999959468841552,48525.0,resenc,lits
BLITS_079,0.7164,0.9483120441436768,0.9999997615814208,20125.0,resenc,lits
BLITS_080,0.312,0.7948505878448486,0.9998902082443236,10836.0,resenc,lits
BLITS_081,0.3319,0.7680925130844116,0.9592689275741576,636.0,resenc,lits
BLITS_082,0.0195,0.5816394090652466,0.6902981400489807,29.0,resenc,lits
BLITS_083,0.9251,0.9678371548652648,0.9999020099639891,200350.0,resenc,lits
BLITS_084,0.0,0.0,0.1034765243530273,0.0,resenc,lits
BLITS_085,0.4889,0.7778541445732117,0.9960699081420898,1573.0,resenc,lits
BLITS_086,0.0,0.0,0.2639786899089813,0.0,resenc,lits
BLITS_087,0.2283,0.7978081703186035,0.9999916553497314,34587.0,resenc,lits
BLITS_088,0.6417,0.7842481732368469,0.995345413684845,3286.0,resenc,lits
BLITS_089,0.7036,0.9358068108558656,0.9999988079071044,47130.0,resenc,lits
BLITS_090,0.8781,0.937500536441803,0.999903917312622,111806.0,resenc,lits
BLITS_091,0.8123,0.9455275535583496,0.9999489784240724,121570.0,resenc,lits
BLITS_092,0.8605,0.946930170059204,0.9999997615814208,24386.0,resenc,lits
BLITS_093,0.0267,0.5183843374252319,0.5436356663703918,8.0,resenc,lits
BLITS_094,0.38,0.8418156504631042,0.9963428378105164,46854.0,resenc,lits
BLITS_095,0.0948,0.77812659740448,0.9998511075973512,34454.0,resenc,lits
BLITS_096,0.7821,0.9223510026931764,0.9999939203262328,195966.0,resenc,lits
BLITS_097,0.7676,0.9244022965431212,0.999993085861206,5117.0,resenc,lits
BLITS_098,0.5039,0.8836418986320496,0.9998817443847656,4356.0,resenc,lits
BLITS_099,0.5377,0.8822282552719116,0.999646544456482,3807.0,resenc,lits
BLITS_100,0.5409,0.9045326709747314,0.9999992847442628,43581.0,resenc,lits
BLITS_101,0.9139,0.9637574553489684,0.9999990463256836,85340.0,resenc,lits
BLITS_102,0.7312,0.9529590010643004,0.9999984502792358,8741.0,resenc,lits
BLITS_103,0.7308,0.9332613348960876,0.9999938011169434,241172.0,resenc,lits
BLITS_104,0.0,0.5386190414428711,0.6046907901763916,640.0,resenc,lits
BLITS_105,0.6859,0.8950979113578796,0.9999512434005736,849709.0,resenc,lits
BLITS_106,0.0,0.60289067029953,0.7311065793037415,240.0,resenc,lits
BLITS_107,0.0,0.8479132652282715,0.992906093597412,52813.0,resenc,lits
BLITS_108,0.619,0.6979460120201111,0.9908034801483154,155321.0,resenc,lits
BLITS_109,0.6242,0.9059296250343324,0.9999994039535522,40919.0,resenc,lits
BLITS_110,0.0157,0.6360166072845459,0.8226170539855957,11394.0,resenc,lits
BLITS_111,0.0,0.7955843210220337,0.9879462122917176,52179.0,resenc,lits
BLITS_112,0.2771,0.7656638622283936,0.9998831748962402,236469.0,resenc,lits
BLITS_113,0.5313,0.9030289053916932,0.999991536140442,57189.0,resenc,lits
BLITS_114,0.0,0.0,0.1995418667793274,0.0,resenc,lits
BLITS_115,0.446,0.9304630756378174,0.9999862909317015,29910.0,resenc,lits
BLITS_116,0.7638,0.923613667488098,0.999942183494568,914805.0,resenc,lits
BLITS_117,0.7609,0.939339280128479,0.9999986886978148,815163.0,resenc,lits
BLITS_118,0.0,0.0,0.1467585414648056,0.0,resenc,lits
BLITS_001,0.0,0.5644053220748901,0.6666595935821533,47.0,umamba,lits
BLITS_002,0.3147,0.829709529876709,0.9995939135551452,2162.0,umamba,lits
BLITS_003,0.5406,0.9182026386260986,0.999990463256836,52125.0,umamba,lits
BLITS_004,0.7923,0.9585235118865968,0.9999943971633912,2325545.0,umamba,lits
BLITS_005,0.35,0.7816502451896667,0.9999610185623168,555645.0,umamba,lits
BLITS_006,0.8532,0.9521799683570862,0.9999687671661376,40962.0,umamba,lits
BLITS_007,0.6668,0.9293904304504396,0.9999985694885254,127735.0,umamba,lits
BLITS_008,0.0,0.0,0.3279103636741638,0.0,umamba,lits
BLITS_009,0.4947,0.8606944680213928,0.9987356066703796,3006.0,umamba,lits
BLITS_010,0.4078,0.8578419089317322,0.998839557170868,2642941.0,umamba,lits
BLITS_011,0.0574,0.6269590258598328,0.8435410261154175,2571.0,umamba,lits
BLITS_012,0.0,0.0,0.0836655050516128,0.0,umamba,lits
BLITS_013,0.6534,0.917465329170227,0.9999992847442628,81841.0,umamba,lits
BLITS_014,0.2444,0.8109732866287231,0.994929850101471,2518.0,umamba,lits
BLITS_015,0.0,0.0,0.0258587766438722,0.0,umamba,lits
BLITS_016,0.5871,0.9009657502174376,0.999853491783142,104731.0,umamba,lits
BLITS_017,0.0001,0.5105345845222473,0.525810182094574,45.0,umamba,lits
BLITS_018,0.5024,0.871451735496521,0.9989797472953796,2191972.0,umamba,lits
BLITS_019,0.8468,0.9552645087242126,0.9999966621398926,508509.0,umamba,lits
BLITS_020,0.0,0.6810683012008667,0.9066944122314452,16367.0,umamba,lits
BLITS_021,0.0,0.9011207818984984,0.9998898506164552,710948.0,umamba,lits
BLITS_022,0.0,0.5082318186759949,0.5193080306053162,10.0,umamba,lits
BLITS_023,0.7356,0.9364669919013976,0.999897837638855,89474.0,umamba,lits
BLITS_024,0.6824,0.9353984594345092,0.9999896287918092,408694.0,umamba,lits
BLITS_025,0.7876,0.9326871037483216,0.9999979734420776,67090.0,umamba,lits
BLITS_026,0.0,0.0,0.0109657403081655,0.0,umamba,lits
BLITS_027,0.0,0.0,0.0068107307888567,0.0,umamba,lits
BLITS_028,0.0,0.7773786783218384,0.9706043004989624,18005.0,umamba,lits
BLITS_029,0.7134,0.9345378875732422,0.9999823570251464,405915.0,umamba,lits
BLITS_030,0.7411,0.9209398627281188,0.999995231628418,2621333.0,umamba,lits
BLITS_031,0.0,0.5225688219070435,0.5712733864784241,15.0,umamba,lits
BLITS_032,0.8606,0.9361311793327332,0.9998517036437988,1387696.0,umamba,lits
BLITS_033,0.6448,0.6776148080825806,0.8876923322677612,1377.0,umamba,lits
BLITS_034,0.0,0.5395304560661316,0.6420117616653442,2586.0,umamba,lits
BLITS_035,0.7418,0.9555500745773317,0.9999998807907104,570330.0,umamba,lits
BLITS_036,0.5611,0.9426113367080688,0.9999998807907104,75479.0,umamba,lits
BLITS_037,0.6303,0.9275210499763488,0.9999998807907104,12682.0,umamba,lits
BLITS_038,0.2369,0.9244529008865356,0.9998756647109984,91509.0,umamba,lits
BLITS_039,0.0,0.0,0.2163010984659195,0.0,umamba,lits
BLITS_040,0.0,0.0,0.0070254076272249,0.0,umamba,lits
BLITS_041,0.0658,0.9098679423332214,0.9979047775268556,501206.0,umamba,lits
BLITS_042,0.3321,0.9332615733146667,0.9995643496513368,47324.0,umamba,lits
BLITS_043,0.3715,0.8809300661087036,0.997880220413208,118733.0,umamba,lits
BLITS_044,0.0,0.0,0.1101835891604423,0.0,umamba,lits
BLITS_045,0.0,0.0,0.0024582128971815,0.0,umamba,lits
BLITS_046,0.6788,0.8716993927955627,0.9988861680030824,55051.0,umamba,lits
BLITS_047,0.6607,0.907021164894104,0.9998642206192015,347772.0,umamba,lits
BLITS_048,0.744,0.9156633615493774,0.999276340007782,132260.0,umamba,lits
BLITS_049,0.0,0.0,0.0773084163665771,0.0,umamba,lits
BLITS_050,0.0,0.6292244791984558,0.8545815348625183,8735.0,umamba,lits
BLITS_051,0.0,0.7994115948677063,0.9816303849220276,2057.0,umamba,lits
BLITS_052,0.0,0.0,0.4555619060993194,0.0,umamba,lits
BLITS_053,0.5419,0.9289238452911376,0.9998968839645386,166714.0,umamba,lits
BLITS_054,0.0,0.8038102984428406,0.9884138703346252,49175.0,umamba,lits
BLITS_055,0.0568,0.6104423403739929,0.7912570834159851,1154.0,umamba,lits
BLITS_056,0.0045,0.561338484287262,0.6402704119682312,81.0,umamba,lits
BLITS_057,0.007,0.7337315082550049,0.996292769908905,38893.0,umamba,lits
BLITS_058,0.7781,0.9459846019744872,0.9999874830245972,2097208.0,umamba,lits
BLITS_059,0.5411,0.8923372626304626,0.9999043941497804,47788.0,umamba,lits
BLITS_060,0.0,0.0,0.0066798790358006,0.0,umamba,lits
BLITS_061,0.0,0.6085031032562256,0.7773420810699463,607.0,umamba,lits
BLITS_062,0.462,0.8182460069656372,0.9991238713264464,64883.0,umamba,lits
BLITS_063,0.1811,0.6782006025314331,0.8806945085525513,15416.0,umamba,lits
BLITS_064,0.0525,0.7721680998802185,0.995290756225586,3914.0,umamba,lits
BLITS_065,0.8749,0.9702680110931396,0.9999998807907104,36870.0,umamba,lits
BLITS_066,0.1196,0.8005265593528748,0.9999929666519164,82080.0,umamba,lits
BLITS_067,0.0,0.8141608834266663,0.9820137619972228,2615.0,umamba,lits
BLITS_068,0.1295,0.8684830069541931,0.9971550703048706,22276.0,umamba,lits
BLITS_069,0.8342,0.95369690656662,0.9999998807907104,145620.0,umamba,lits
BLITS_070,0.7995,0.964849293231964,0.999997615814209,13813.0,umamba,lits
BLITS_071,0.3709,0.9028885960578918,0.9988686442375184,516.0,umamba,lits
BLITS_072,0.0,0.0,0.1478625386953354,0.0,umamba,lits
BLITS_073,0.0,0.8459414839744568,0.9912378191947936,135492.0,umamba,lits
BLITS_074,0.7277,0.8554053902626038,0.9974689483642578,199798.0,umamba,lits
BLITS_075,0.141,0.6698673963546753,0.8854829668998718,501.0,umamba,lits
BLITS_076,0.0,0.7191682457923889,0.8998278379440308,70724.0,umamba,lits
BLITS_077,0.0,0.0,0.1228385344147682,0.0,umamba,lits
BLITS_078,0.7006,0.9347423911094666,0.9999805688858032,47675.0,umamba,lits
BLITS_079,0.5572,0.9521346688270568,0.9999991655349731,29323.0,umamba,lits
BLITS_080,0.7208,0.9289920926094056,0.9999704360961914,3444.0,umamba,lits
BLITS_081,0.0,0.0,0.2139514237642288,0.0,umamba,lits
BLITS_082,0.13,0.7618553638458252,0.9603983759880066,158.0,umamba,lits
BLITS_083,0.9031,0.966764271259308,0.999982476234436,213387.0,umamba,lits
BLITS_084,0.0,0.0,0.0081562492996454,0.0,umamba,lits
BLITS_085,0.317,0.8428831696510315,0.9999535083770752,803.0,umamba,lits
BLITS_086,0.0,0.7399759292602539,0.9269675612449646,20306.0,umamba,lits
BLITS_087,0.1573,0.7745240926742554,0.9998169541358948,51077.0,umamba,lits
BLITS_088,0.6032,0.8767092227935791,0.9992114305496216,6198.0,umamba,lits
BLITS_089,0.7589,0.9514682292938232,0.999976396560669,41030.0,umamba,lits
BLITS_090,0.6171,0.8900718688964844,0.9991735816001892,56540.0,umamba,lits
BLITS_091,0.7892,0.9281718134880066,0.9996243715286256,105245.0,umamba,lits
BLITS_092,0.7995,0.917326033115387,0.9999934434890748,26480.0,umamba,lits
BLITS_093,0.0,0.0,0.0435688123106956,0.0,umamba,lits
BLITS_094,0.1985,0.8005262613296509,0.996475636959076,107737.0,umamba,lits
BLITS_095,0.7144,0.9198097586631776,0.9992175102233888,1838.0,umamba,lits
BLITS_096,0.7884,0.911484956741333,0.9999929666519164,276667.0,umamba,lits
BLITS_097,0.7203,0.9442963600158693,0.9999998807907104,5159.0,umamba,lits
BLITS_098,0.3941,0.8825408220291138,0.9999414682388306,4189.0,umamba,lits
BLITS_099,0.5218,0.8796859383583069,0.9998717308044434,3787.0,umamba,lits
BLITS_100,0.5419,0.9088833928108216,0.9999912977218628,42854.0,umamba,lits
BLITS_101,0.9139,0.9702906012535096,0.9999997615814208,83638.0,umamba,lits
BLITS_102,0.3081,0.9049807786941528,0.999984860420227,27085.0,umamba,lits
BLITS_103,0.7854,0.9564234018325806,0.9999924898147584,216055.0,umamba,lits
BLITS_104,0.0,0.0,0.0236218068748712,0.0,umamba,lits
BLITS_105,0.7089,0.879295825958252,0.9999297857284546,806855.0,umamba,lits
BLITS_106,0.0,0.6352550387382507,0.854884684085846,433.0,umamba,lits
BLITS_107,0.0,0.0,0.0182817969471216,0.0,umamba,lits
BLITS_108,0.7703,0.8762724995613098,0.9949690699577332,216670.0,umamba,lits
BLITS_109,0.4451,0.9286689162254332,0.999974012374878,61043.0,umamba,lits
BLITS_110,0.0181,0.8862346410751343,0.997231662273407,34101.0,umamba,lits
BLITS_111,0.0,0.8601361513137817,0.9914474487304688,74248.0,umamba,lits
BLITS_112,0.1573,0.7377824783325195,0.998245358467102,390916.0,umamba,lits
BLITS_113,0.5368,0.8985993266105652,0.9998915195465088,62136.0,umamba,lits
BLITS_114,0.0,0.6928966045379639,0.9116528034210204,5417.0,umamba,lits
BLITS_115,0.485,0.939768135547638,0.9999804496765136,29910.0,umamba,lits
BLITS_116,0.7494,0.9166666269302368,0.99994695186615,1112941.0,umamba,lits
BLITS_117,0.7968,0.9414419531822203,0.9999992847442628,826415.0,umamba,lits
BLITS_118,0.0,0.0,0.0460768043994903,0.0,umamba,lits
BLITS_001,0.0085,0.7729317545890808,0.9992052912712096,6096.0,swin,lits
BLITS_002,0.1018,0.7922303080558777,0.9997498393058776,32523.0,swin,lits
BLITS_003,0.2379,0.8059845566749573,0.9999604225158693,150794.0,swin,lits
BLITS_004,0.6963,0.9258830547332764,0.9999243021011353,2818658.0,swin,lits
BLITS_005,0.3953,0.8055766820907593,0.999830961227417,638188.0,swin,lits
BLITS_006,0.1837,0.7489686012268066,0.99910306930542,412722.0,swin,lits
BLITS_007,0.5256,0.8062417507171631,0.9997654557228088,89683.0,swin,lits
BLITS_008,0.0001,0.67942875623703,0.9486324787139891,27085.0,swin,lits
BLITS_009,0.3933,0.7962515354156494,0.9998847246170044,9918.0,swin,lits
BLITS_010,0.3828,0.8727588057518005,0.9984176158905028,3588170.0,swin,lits
BLITS_011,0.0124,0.7158128023147583,0.987191081047058,313860.0,swin,lits
BLITS_012,0.0124,0.7559981942176819,0.9928370118141174,247653.0,swin,lits
BLITS_013,0.5497,0.8529446125030518,0.9999992847442628,167088.0,swin,lits
BLITS_014,0.0277,0.8005552887916565,0.9994986057281494,168360.0,swin,lits
BLITS_015,0.0453,0.6101068258285522,0.9312440156936646,10660.0,swin,lits
BLITS_016,0.3003,0.8385711312294006,0.9999853372573853,261007.0,swin,lits
BLITS_017,0.1613,0.7327526211738586,0.9966691136360168,323254.0,swin,lits
BLITS_018,0.3595,0.9035871624946594,0.9998458623886108,3942032.0,swin,lits
BLITS_019,0.7632,0.9164606928825378,0.999943733215332,621369.0,swin,lits
BLITS_020,0.0,0.7391089797019958,0.997730553150177,82829.0,swin,lits
BLITS_021,0.0003,0.7425356507301331,0.9973165392875672,489059.0,swin,lits
BLITS_022,0.0,0.796406090259552,0.9994673132896424,135208.0,swin,lits
BLITS_023,0.2802,0.8064886331558228,0.9998443126678468,273148.0,swin,lits
BLITS_024,0.4891,0.8829642534255981,0.9999593496322632,668096.0,swin,lits
BLITS_025,0.5985,0.9087292551994324,0.9999983310699464,146930.0,swin,lits
BLITS_026,0.0,0.8130937814712524,0.9991186261177064,105709.0,swin,lits
BLITS_027,0.0,0.794045090675354,0.9980353713035583,63557.0,swin,lits
BLITS_028,0.0,0.7740277647972107,0.9984812140464784,70930.0,swin,lits
BLITS_029,0.2635,0.8004990220069885,0.9999004602432252,1877585.0,swin,lits
BLITS_030,0.5052,0.8633407950401306,0.999793827533722,4776365.0,swin,lits
BLITS_031,0.0141,0.7631865739822388,0.994728982448578,298661.0,swin,lits
BLITS_032,0.7987,0.9266037344932556,0.9998505115509032,1611933.0,swin,lits
BLITS_033,0.0319,0.7549986243247986,0.993937849998474,88668.0,swin,lits
BLITS_034,0.0,0.7813836932182312,0.9993242025375366,159648.0,swin,lits
BLITS_035,0.6565,0.9197279214859008,0.9999752044677734,705077.0,swin,lits
BLITS_036,0.25,0.8261978626251221,0.9999905824661256,221647.0,swin,lits
BLITS_037,0.2411,0.8266087770462036,0.9999966621398926,40152.0,swin,lits
BLITS_038,0.0631,0.778315544128418,0.999322772026062,384238.0,swin,lits
BLITS_039,0.0,0.744004487991333,0.9907498955726624,159830.0,swin,lits
BLITS_040,0.0023,0.7408871650695801,0.996212601661682,190979.0,swin,lits
BLITS_041,0.0817,0.7877072095870972,0.9990130662918092,448991.0,swin,lits
BLITS_042,0.2791,0.8895195126533508,0.9998137354850768,53384.0,swin,lits
BLITS_043,0.1362,0.8371464610099792,0.9996206760406494,480241.0,swin,lits
BLITS_044,0.0,0.8005380034446716,0.9988282322883606,25262.0,swin,lits
BLITS_045,0.0,0.6698160171508789,0.967348575592041,7888.0,swin,lits
BLITS_046,0.1983,0.8655186891555786,0.999687433242798,92112.0,swin,lits
BLITS_047,0.4685,0.8524077534675598,0.9999620914459229,441128.0,swin,lits
BLITS_048,0.7167,0.9143350124359132,0.9999637603759766,171935.0,swin,lits
BLITS_049,0.0022,0.7754595875740051,0.9984840750694276,16465.0,swin,lits
BLITS_050,0.0,0.7081406712532043,0.9976813793182372,127441.0,swin,lits
BLITS_051,0.0173,0.7842621803283691,0.9999632835388184,85393.0,swin,lits
BLITS_052,0.0642,0.7326324582099915,0.9878058433532716,2393.0,swin,lits
BLITS_053,0.6134,0.8808150291442871,0.9998952150344848,293912.0,swin,lits
BLITS_054,0.0002,0.6774066686630249,0.9830037355422974,50530.0,swin,lits
BLITS_055,0.1228,0.7569284439086914,0.9976218342781068,12909.0,swin,lits
BLITS_056,0.0001,0.8213450908660889,0.9937587976455688,15896.0,swin,lits
BLITS_057,0.0019,0.6783781051635742,0.9528381824493408,8756.0,swin,lits
BLITS_058,0.6433,0.890842854976654,0.9996665716171264,2225086.0,swin,lits
BLITS_059,0.4791,0.8689888715744019,0.999934196472168,68172.0,swin,lits
BLITS_060,0.0,0.7706947922706604,0.9994329810142516,16423.0,swin,lits
BLITS_061,0.0,0.642977237701416,0.9497160315513612,172437.0,swin,lits
BLITS_062,0.2017,0.7560582160949707,0.9979169964790344,58753.0,swin,lits
BLITS_063,0.0273,0.7740567326545715,0.9972099661827089,171332.0,swin,lits
BLITS_064,0.0087,0.5917110443115234,0.7703784108161926,468.0,swin,lits
BLITS_065,0.8028,0.9291728138923644,0.9999762773513794,43520.0,swin,lits
BLITS_066,0.1625,0.8775977492332458,0.999997615814209,66948.0,swin,lits
BLITS_067,0.0,0.7840629816055298,0.9964134097099304,145202.0,swin,lits
BLITS_068,0.5822,0.8001543879508972,0.9952816367149352,4894.0,swin,lits
BLITS_069,0.6573,0.903490662574768,0.9999219179153442,229003.0,swin,lits
BLITS_070,0.3753,0.7958458662033081,0.9999886751174928,67176.0,swin,lits
BLITS_071,0.0821,0.7667316198348999,0.9991100430488586,22558.0,swin,lits
BLITS_072,0.0,0.7652933597564697,0.9983738660812378,15544.0,swin,lits
BLITS_073,0.0,0.7176388502120972,0.9958337545394896,85280.0,swin,lits
BLITS_074,0.696,0.7956134080886841,0.9989182949066162,288091.0,swin,lits
BLITS_075,0.095,0.6514755487442017,0.972908079624176,12142.0,swin,lits
BLITS_076,0.0,0.8678454756736755,0.9991390705108644,119369.0,swin,lits
BLITS_077,0.0,0.7540487051010132,0.9859092831611632,5807.0,swin,lits
BLITS_078,0.1978,0.7919440865516663,0.9995015859603882,252203.0,swin,lits
BLITS_079,0.1317,0.797206699848175,0.9999628067016602,160877.0,swin,lits
BLITS_080,0.2566,0.82377690076828,0.9999381303787231,16637.0,swin,lits
BLITS_081,0.0,0.678996741771698,0.9678993225097656,3921.0,swin,lits
BLITS_082,0.0011,0.8403696417808533,0.9998162388801576,62073.0,swin,lits
BLITS_083,0.8219,0.895656168460846,0.9994460940361024,226424.0,swin,lits
BLITS_084,0.0,0.6414404511451721,0.8550662994384766,4704.0,swin,lits
BLITS_085,0.1111,0.7976934909820557,0.9993904829025269,4456.0,swin,lits
BLITS_086,0.0,0.7873818874359131,0.9995121955871582,16023.0,swin,lits
BLITS_087,0.0254,0.7864788770675659,0.9969425797462464,229289.0,swin,lits
BLITS_088,0.0114,0.8705464601516724,0.9998859167099,46045.0,swin,lits
BLITS_089,0.1298,0.814033031463623,0.9999710321426392,399246.0,swin,lits
BLITS_090,0.4533,0.8261227011680603,0.9998260140419006,145133.0,swin,lits
BLITS_091,0.6383,0.8774431943893433,0.99997878074646,134973.0,swin,lits
BLITS_092,0.6325,0.9031698703765868,0.9999903440475464,44929.0,swin,lits
BLITS_093,0.0235,0.6923783421516418,0.9937100410461426,7850.0,swin,lits
BLITS_094,0.0,0.7640767693519592,0.9992606043815612,242226.0,swin,lits
BLITS_095,0.0086,0.7358489036560059,0.9985979199409484,49290.0,swin,lits
BLITS_096,0.6791,0.8887795209884644,0.9999704360961914,277473.0,swin,lits
BLITS_097,0.052,0.8254333138465881,0.9999934434890748,56699.0,swin,lits
BLITS_098,0.0393,0.783340573310852,0.994541347026825,132814.0,swin,lits
BLITS_099,0.3004,0.7473511099815369,0.9988927245140076,4985.0,swin,lits
BLITS_100,0.1066,0.8054051399230957,0.9999822378158568,317001.0,swin,lits
BLITS_101,0.8834,0.9524827003479004,0.999990463256836,97801.0,swin,lits
BLITS_102,0.0064,0.6627151966094971,0.928083598613739,8688.0,swin,lits
BLITS_103,0.681,0.8659940361976624,0.9998666048049928,240119.0,swin,lits
BLITS_104,0.0,0.6753078103065491,0.986966907978058,63332.0,swin,lits
BLITS_105,0.3332,0.8083164691925049,0.999869704246521,2335529.0,swin,lits
BLITS_106,0.0,0.7372507452964783,0.9954791069030762,170702.0,swin,lits
BLITS_107,0.0,0.7583146095275879,0.9982959628105164,79656.0,swin,lits
BLITS_108,0.5709,0.7911743521690369,0.998914122581482,346036.0,swin,lits
BLITS_109,0.1277,0.7998436689376831,0.9999839067459106,274448.0,swin,lits
BLITS_110,0.3252,0.8053236603736877,0.999968647956848,181883.0,swin,lits
BLITS_111,0.0013,0.6339380145072937,0.8617128133773804,16901.0,swin,lits
BLITS_112,0.2408,0.7862589359283447,0.9996929168701172,1215074.0,swin,lits
BLITS_113,0.1849,0.7647446393966675,0.9995335340499878,315202.0,swin,lits
BLITS_114,0.0,0.7528225779533386,0.9973374009132384,363012.0,swin,lits
BLITS_115,0.0734,0.7556206583976746,0.9999716281890868,450420.0,swin,lits
BLITS_116,0.4909,0.8688810467720032,0.9999200105667114,1918744.0,swin,lits
BLITS_117,0.7495,0.9133341312408448,0.9999675750732422,841875.0,swin,lits
BLITS_118,0.0,0.5709055066108704,0.7398455739021301,145.0,swin,lits
